{
    "parts": {
        "erduo": {
            "frameCount": 102,
            "height": 388,
            "position": {
                "positionX": [
                    {
                        "index": 74,
                        "x": 227.5,
                        "y": 354.20
                    },
                    {
                        "index": 77,
                        "x": 434,
                        "y": 353.79
                    }
                ],
                "positionY": [
                ]
            },
            "positionRelationType": 1,
            "positionType": 1,
            "rotateCenter": [
                {
                    "index": 46,
                    "x": 332,
                    "y": 458.10
                }
            ],
            "scale": {
                "scaleX": {
                    "pointA": [
                        {
                            "index": 74,
                            "x": 227.5,
                            "y": 354.20
                        }
                    ],
                    "pointB": [
                        {
                            "index": 77,
                            "x": 434,
                            "y": 353.79
                        }
                    ]
                },
                "scaleY": {
                    "pointA": [
                    ],
                    "pointB": [
                    ]
                }
            },
            "triggerDelay": 0,
            "triggerLoop": 0,
            "triggerStop": false,
            "triggerType": 0,
            "width": 635,
            "zPosition": 1
        },
        "huzi": {
            "frameCount": 102,
            "height": 256,
            "position": {
                "positionX": [
                    {
                        "index": 74,
                        "x": 237.5,
                        "y": 16.20
                    },
                    {
                        "index": 77,
                        "x": 444,
                        "y": 15.80
                    }
                ],
                "positionY": [
                ]
            },
            "positionRelationType": 1,
            "positionType": 1,
            "rotateCenter": [
                {
                    "index": 46,
                    "x": 342,
                    "y": 120.09
                }
            ],
            "scale": {
                "scaleX": {
                    "pointA": [
                        {
                            "index": 74,
                            "x": 237.5,
                            "y": 16.20
                        }
                    ],
                    "pointB": [
                        {
                            "index": 77,
                            "x": 444,
                            "y": 15.80
                        }
                    ]
                },
                "scaleY": {
                    "pointA": [
                    ],
                    "pointB": [
                    ]
                }
            },
            "triggerDelay": 0,
            "triggerLoop": 0,
            "triggerStop": false,
            "triggerType": 0,
            "width": 684,
            "zPosition": 0
        },
        "mao": {
            "frameCount": 101,
            "height": 904,
            "position": {
                "positionX": [
                    {
                        "index": 108,
                        "x": 0,
                        "y": 891
                    },
                    {
                        "index": 109,
                        "x": 749,
                        "y": 890
                    }
                ],
                "positionY": [
                ]
            },
            "positionRelationType": 0,
            "positionType": 0,
            "rotateCenter": [
                {
                    "x": 375,
                    "y": 452
                }
            ],
            "scale": {
                "scaleX": {
                    "pointA": [
                        {
                            "index": 108,
                            "x": 0,
                            "y": 891
                        }
                    ],
                    "pointB": [
                        {
                            "index": 109,
                            "x": 749,
                            "y": 890
                        }
                    ]
                },
                "scaleY": {
                    "pointA": [
                    ],
                    "pointB": [
                    ]
                }
            },
            "triggerDelay": 0,
            "triggerLoop": 0,
            "triggerStop": false,
            "triggerType": 0,
            "width": 750,
            "zPosition": 2
        }
    },
    "version": "1.1"
}
