{
    "parts": {
        "bg": {
            "frameCount": 48,
            "height": 1455,
            "position": {
                "positionX": [
                    {
                        "index": 106,
                        "x": -2,
                        "y": 1
                    },
                    {
                        "index": 107,
                        "x": 747,
                        "y": 1
                    }
                ],
                "positionY": [
                ]
            },
            "positionRelationType": 0,
            "positionType": 0,
            "rotateCenter": [
                {
                    "x": 409,
                    "y": 727.5
                }
            ],
            "scale": {
                "scaleX": {
                    "pointA": [
                        {
                            "index": 106,
                            "x": -2,
                            "y": 1
                        }
                    ],
                    "pointB": [
                        {
                            "index": 107,
                            "x": 747,
                            "y": 1
                        }
                    ]
                },
                "scaleY": {
                    "pointA": [
                    ],
                    "pointB": [
                    ]
                }
            },
            "triggerDelay": 0,
            "triggerLoop": 0,
            "triggerStop": false,
            "triggerType": 0,
            "width": 818,
            "zPosition": 3
        },
        "bizi": {
            "frameCount": 48,
            "height": 281,
            "position": {
                "positionX": [
                    {
                        "index": 74,
                        "x": 171.5,
                        "y": 53.20
                    },
                    {
                        "index": 77,
                        "x": 378,
                        "y": 52.79
                    }
                ],
                "positionY": [
                ]
            },
            "positionRelationType": 1,
            "positionType": 1,
            "rotateCenter": [
                {
                    "index": 46,
                    "x": 276,
                    "y": 157.10
                }
            ],
            "scale": {
                "scaleX": {
                    "pointA": [
                        {
                            "index": 74,
                            "x": 171.5,
                            "y": 53.20
                        }
                    ],
                    "pointB": [
                        {
                            "index": 77,
                            "x": 378,
                            "y": 52.79
                        }
                    ]
                },
                "scaleY": {
                    "pointA": [
                    ],
                    "pointB": [
                    ]
                }
            },
            "triggerDelay": 0,
            "triggerLoop": 0,
            "triggerStop": false,
            "triggerType": 0,
            "width": 543,
            "zPosition": 2
        },
        "hat": {
            "frameCount": 48,
            "height": 355,
            "position": {
                "positionX": [
                    {
                        "index": 74,
                        "x": 178.5,
                        "y": 381.20
                    },
                    {
                        "index": 77,
                        "x": 385,
                        "y": 380.79
                    }
                ],
                "positionY": [
                ]
            },
            "positionRelationType": 1,
            "positionType": 1,
            "rotateCenter": [
                {
                    "index": 46,
                    "x": 283,
                    "y": 485.10
                }
            ],
            "scale": {
                "scaleX": {
                    "pointA": [
                        {
                            "index": 74,
                            "x": 178.5,
                            "y": 381.20
                        }
                    ],
                    "pointB": [
                        {
                            "index": 77,
                            "x": 385,
                            "y": 380.79
                        }
                    ]
                },
                "scaleY": {
                    "pointA": [
                    ],
                    "pointB": [
                    ]
                }
            },
            "triggerDelay": 0,
            "triggerLoop": 0,
            "triggerStop": false,
            "triggerType": 0,
            "width": 563,
            "zPosition": 1
        },
        "saihong": {
            "frameCount": 48,
            "height": 251,
            "position": {
                "positionX": [
                    {
                        "index": 74,
                        "x": 134.5,
                        "y": 27.20
                    },
                    {
                        "index": 77,
                        "x": 341,
                        "y": 26.79
                    }
                ],
                "positionY": [
                ]
            },
            "positionRelationType": 1,
            "positionType": 1,
            "rotateCenter": [
                {
                    "index": 46,
                    "x": 239,
                    "y": 131.10
                }
            ],
            "scale": {
                "scaleX": {
                    "pointA": [
                        {
                            "index": 74,
                            "x": 134.5,
                            "y": 27.20
                        }
                    ],
                    "pointB": [
                        {
                            "index": 77,
                            "x": 341,
                            "y": 26.79
                        }
                    ]
                },
                "scaleY": {
                    "pointA": [
                    ],
                    "pointB": [
                    ]
                }
            },
            "triggerDelay": 0,
            "triggerLoop": 0,
            "triggerStop": false,
            "triggerType": 0,
            "width": 485,
            "zPosition": 0
        }
    },
    "version": "1.1"
}
