{
    "parts": {
        "TY": {
            "frameCount": 91,
            "height": 360,
            "position": {
                "positionX": [
                    {
                        "index": 74,
                        "x": 52.189,
                        "y": 52.061
                    },
                    {
                        "index": 77,
                        "x": 140.165,
                        "y": 51.891
                    }
                ],
                "positionY": [
                ]
            },
            "positionRelationType": 1,
            "positionType": 1,
            "rotateCenter": [
                {
                    "index": 46,
                    "x": 96.710,
                    "y": 96.326
                }
            ],
            "scale": {
                "scaleX": {
                    "pointA": [
                        {
                            "index": 77,
                            "x": 140.165,
                            "y": 51.891
                        }
                    ],
                    "pointB": [
                        {
                            "index": 48,
                            "x": 85.675,
                            "y": 113.794
                        }
                    ]
                },
                "scaleY": {
                    "pointA": [
                    ],
                    "pointB": [
                    ]
                }
            },
            "triggerDelay": 0,
            "triggerLoop": 0,
            "triggerStop": false,
            "triggerType": 0,
            "width": 360,
            "zPosition": 0
        }
    },
    "version": "1.1"
}
